{
  "AutoRestart": true,
  "AutoUpdates": true,
  "Blacklist": [],
  "ConnectionTimeout": 60,
  "CurrentCulture": null,
  "Debug": false,
  "FarmingDelay": 15,
  "GiftsLimiterDelay": 1,
  "Headless": false,
  "IdleFarmingPeriod": 3,
  "InventoryLimiterDelay": 3,
  "LoginLimiterDelay": 10,
  "MaxFarmingTime": 10,
  "MaxTradeHoldDuration": 15,
  "OptimizationMode": 0,
  "Statistics": true,
  "SteamOwnerID": 76561198190624499,
  "SteamProtocol": 6,
  "UpdateChannel": 1,
  "WCFBinding": 0,
  "WCFHost": "127.0.0.1",
  "WCFPort": 1242
}