{
  "AcceptGifts": false,
  "CardDropsRestricted": true,
  "CustomGamePlayedWhileFarming": null,
  "CustomGamePlayedWhileIdle": null,
  "DismissInventoryNotifications": false,
  "Enabled": true,
  "FarmingOrder": 0,
  "FarmOffline": false,
  "GamesPlayedWhileIdle": [],
  "HandleOfflineMessages": false,
  "IsBotAccount": false,
  "LootableTypes": [
    1,
    3,
    5
  ],
  "PasswordFormat": 0,
  "Paused": false,
  "RedeemingPreferences": 0,
  "SendOnFarmingFinished": false,
  "SendTradePeriod": 0,
  "ShutdownOnFarmingFinished": false,
  "SteamLogin": "jp_lin",
  "SteamMasterClanID": 103582791457452660,
  "SteamParentalPIN": "0",
  "SteamPassword": "JKLin_7208",
  "SteamTradeToken": null,
  "SteamUserPermissions": {},
  "TradingPreferences": 0
}